[
  {
    "url": "https://toolbox.co-x3.com/product/gamify-life",
    "title": "Gamify Your Life",
    "description": "Build the motivation and focus to get things done by making work fun. Leaderboards, to-do lists, daily quests, and more.",
    "author": "Conrad Lin",
    "authorURL": "https://conradl.in",
    "tags": ["gamification", "motivation", "notion", "students", "creatives", "flow state"],
    "programType": "tools",
    "frameworkLevel": "LEVEL_3",
    "lang": "en",
    "location": "system",
    "publishDate": ""
  },
  {
    "url": "https://www.makework.fun",
    "title": "Make Work Fun App",
    "description": "Gamify your productivity tools and unlock multiplayer for personal development.",
    "author": "Conrad Lin",
    "authorURL": "https://conradl.in",
    "tags": ["gamification", "motivation", "multiplayer", "students", "creatives"],
    "programType": "tools",
    "frameworkLevel": "LEVEL_3",
    "lang": "en",
    "location": "app",
    "publishDate": ""
  },
  {
    "url": "https://www.makework.fun/parties",
    "title": "Party Quests",
    "description": "Quest together with comrades and compete together to slay your dragons in the Make Work Fun app.",
    "author": "Conrad Lin",
    "authorURL": "https://conradl.in",
    "tags": ["gamification", "motivation", "multiplayer", "students", "creatives"],
    "programType": "tools",
    "frameworkLevel": "LEVEL_3",
    "lang": "en",
    "location": "app",
    "publishDate": ""
  },
  {
    "url": "https://www.makework.fun/leaderboard",
    "title": "Global Leaderboard",
    "description": "You don’t have to adventure alone. Get motivated by how your comrades are improving themselves everyday.",
    "author": "Conrad Lin",
    "authorURL": "https://conradl.in",
    "tags": ["gamification", "motivation", "multiplayer", "students", "creatives"],
    "programType": "tools",
    "frameworkLevel": "LEVEL_3",
    "lang": "en",
    "location": "app",
    "publishDate": ""
  },
  {
    "url": "",
    "title": "Make Pawgress",
    "description": "Help your furry friends level up and track their wins. Keep your data about your pets organized and in one place - while making it fun.",
    "author": "Conrad Lin",
    "authorURL": "https://conradl.in",
    "tags": ["gamification", "motivation", "notion", "creatives"],
    "programType": "tools",
    "frameworkLevel": "LEVEL_3",
    "lang": "en",
    "location": "system",
    "publishDate": ""
  },
  {
    "url": "https://toolbox.co-x3.com/product/be-intentional",
    "title": "Be Intentional",
    "description": "Stay organized and ensure your efforts lead you to the success you want. Being intentional means always knowing the Why, What, and How behind everything you do. It's a life framework that helps you achieve your goals and find more meaning in your life.",
    "author": "Conrad Lin",
    "authorURL": "https://conradl.in",
    "tags": ["intentionality", "notion", "students", "creatives", "flow state", "relationships", "self-love"],
    "programType": "tools",
    "frameworkLevel": "LEVEL_4",
    "lang": "en",
    "location": "system",
    "publishDate": ""
  },
  {
    "url": "",
    "title": "Find Your Love",
    "description": "Be intentional in your search for your partner.",
    "author": "Conrad Lin",
    "authorURL": "https://conradl.in",
    "tags": ["intentionality", "relationships", "notion", "creatives"],
    "programType": "tools",
    "frameworkLevel": "LEVEL_4",
    "lang": "en",
    "location": "system",
    "publishDate": ""
  },
  {
    "url": "https://our.x3.family",
    "title": "Co-x3 Community",
    "description": "Meaningful asynchronous conversations in an online community forum.",
    "author": "Conrad Lin",
    "authorURL": "https://conradl.in",
    "tags": ["conversations", "co-working", "events", "students", "creatives", "retirees", "self-love"],
    "programType": "community",
    "frameworkLevel": "ALL",
    "lang": "en",
    "location": "virtual",
    "publishDate": ""
  },
  {
    "url": "https://meta.x3.family",
    "title": "Co-x3 Metaverse",
    "description": "A virtual space for comrades to co-work and hang out together.",
    "author": "Conrad Lin",
    "authorURL": "https://conradl.in",
    "tags": ["co-working", "conversations", "students", "creatives"],
    "programType": "community",
    "frameworkLevel": "LEVEL_4",
    "lang": "en",
    "location": "virtual",
    "publishDate": ""
  },
  {
    "url": "https://toolbox.co-x3.com/product/l-ctrl",
    "title": "L-CTRL System",
    "description": "Take back life control. Live a meaningful, intentional life while having fun.",
    "author": "Conrad Lin",
    "authorURL": "https://conradl.in",
    "tags": ["intentionality", "gamification", "motivation", "notion", "students", "creatives", "retirees", "flow state"],
    "programType": "tools",
    "frameworkLevel": "LEVEL_5",
    "lang": "en",
    "location": "system",
    "publishDate": ""
  },
  {
    "url": "https://toolbox.co-x3.com/product/creators-toolkit",
    "title": "Creator’s Toolkit",
    "description": "Find your voice and discover ways to share your creativity with the world.",
    "author": "Conrad Lin",
    "authorURL": "https://conradl.in",
    "tags": ["creativity", "notion", "creatives", "retirees"],
    "programType": "tools",
    "frameworkLevel": "LEVEL_5",
    "lang": "en",
    "location": "system",
    "publishDate": ""
  },
  {
    "url": "https://toolbox.co-x3.com/product/grow-wealth",
    "title": "Grow Wealth",
    "description": "Systematize saving and investing to streamline your financial health.",
    "author": "Conrad Lin",
    "authorURL": "https://conradl.in",
    "tags": ["finance", "investment", "notion", "creatives"],
    "programType": "tools",
    "frameworkLevel": "LEVEL_5",
    "lang": "en",
    "location": "system",
    "publishDate": ""
  },
  {
    "url": "",
    "title": "Grow Your Love",
    "description": "Level up your relationship by intentionally setting moments of reflection and meaningful communication.",
    "author": "Conrad Lin",
    "authorURL": "https://conradl.in",
    "tags": ["relationships", "intentionality", "notion", "creatives"],
    "programType": "tools",
    "frameworkLevel": "LEVEL_5",
    "lang": "en",
    "location": "system",
    "publishDate": ""
  },
  {
    "url": "",
    "title": "LVL-UP Course",
    "description": "Learn how to visualize, plan, and execute on creating a better life. 4 week bootcamp.",
    "author": "Conrad Lin",
    "authorURL": "https://conradl.in",
    "tags": ["intentionality", "gamification", "motivation", "creatives", "retirees"],
    "programType": "community",
    "frameworkLevel": "LEVEL_5",
    "lang": "en",
    "location": "virtual",
    "publishDate": ""
  },
  {
    "url": "https://ourfamilywithoutborders.com",
    "title": "Family Without Borders",
    "description": "Grow, learn, live with amazing people around the world. We value having a space where we can do our best work and progress together on our growth journey. You are the average of the 5 people you spend the most time with. Who do you want to be?",
    "author": "Conrad Lin",
    "authorURL": "https://conradl.in",
    "tags": ["co-living", "creatives", "flow state"],
    "programType": "community",
    "frameworkLevel": "LEVEL_5",
    "lang": "en",
    "location": "physical",
    "publishDate": "10/01/2019"
  },
  {
    "url": "",
    "title": "Mindfulness Practices",
    "description": "Let's create ways to reliably build inner peace in our lives, every day.",
    "author": "Conrad Lin",
    "authorURL": "https://conradl.in",
    "tags": ["meditation", "mindfulness", "creatives", "retirees", "self-love"],
    "programType": "tools",
    "frameworkLevel": "LEVEL_6",
    "lang": "en",
    "location": "system",
    "publishDate": ""
  },
  {
    "url": "",
    "title": "Co-x3 Retreats",
    "description": "We want to create an experience that enables people from around the world to have a dedicated learning experience for a specific book, mental model, or idea, and travel to a destination where they can tour the country and practice their learning together with a group.",
    "author": "Conrad Lin",
    "authorURL": "https://conradl.in",
    "tags": ["multiplayer", "meditation", "creatives", "retirees", "self-love"],
    "programType": "community",
    "frameworkLevel": "LEVEL_6",
    "lang": "en",
    "location": "physical",
    "publishDate": ""
  },
  {
    "url": "",
    "title": "Therapy With Co-x3",
    "description": "Meet with credentialled and experienced therapists who can help you with a range of issues including depression, anxiety, relationships, trauma, grief, and more.",
    "author": "Conrad Lin",
    "authorURL": "https://conradl.in",
    "tags": ["therapy", "1-on-1", "creatives", "retirees", "self-love"],
    "programType": "community",
    "frameworkLevel": "LEVEL_6",
    "lang": "en",
    "location": "virtual",
    "publishDate": ""
  },
  {
    "url": "",
    "title": "Calendar Timeblocking",
    "description": "Make the best use of your limited time in the world and do what matters.",
    "author": "Conrad Lin",
    "authorURL": "https://conradl.in",
    "tags": ["boundaries", "creatives", "retirees"],
    "programType": "tools",
    "frameworkLevel": "LEVEL_7",
    "lang": "en",
    "location": "virtual",
    "publishDate": ""
  },
  {
    "url": "",
    "title": "Accountability Partners",
    "description": "We can start building self-accountability by getting support from others.",
    "author": "Conrad Lin",
    "authorURL": "https://conradl.in",
    "tags": ["accountability", "multiplayer", "creatives", "retirees"],
    "programType": "tools",
    "frameworkLevel": "LEVEL_7",
    "lang": "en",
    "location": "virtual",
    "publishDate": ""
  },
  {
    "url": "",
    "title": "Boundaries Workshop",
    "description": "Learn how to set good boundaries, negotiate for what feels comfortable, and lean into verbal and non verbal agreements.",
    "author": "Conrad Lin",
    "authorURL": "https://conradl.in",
    "tags": ["boundaries", "multiplayer", "creatives", "retirees"],
    "programType": "community",
    "frameworkLevel": "LEVEL_7",
    "lang": "en",
    "location": "virtual",
    "publishDate": ""
  },
  {
    "url": "",
    "title": "Asking Good Questions",
    "description": "To truly learn about the world, we need to ask good questions.",
    "author": "Conrad Lin",
    "authorURL": "https://conradl.in",
    "tags": ["questions", "retirees"],
    "programType": "tools",
    "frameworkLevel": "LEVEL_8",
    "lang": "en",
    "location": "virtual",
    "publishDate": ""
  },
  {
    "url": "",
    "title": "Co-x3 Research Lab",
    "description": "We have a lot we’re curious about in the world, and we want a place to discuss these ideas.",
    "author": "Conrad Lin",
    "authorURL": "https://conradl.in",
    "tags": ["research", "multiplayer"],
    "programType": "tools",
    "frameworkLevel": "LEVEL_8",
    "lang": "en",
    "location": "virtual",
    "publishDate": ""
  },
  {
    "url": "",
    "title": "Better Life AI Assistant",
    "description": "A GPT powered personal AI assistant that helps you reflect and plan your adventure based on your wins, habits, and other data from your productivity apps.",
    "author": "Conrad Lin",
    "authorURL": "https://conradl.in",
    "tags": ["AI"],
    "programType": "tools",
    "frameworkLevel": "LEVEL_9",
    "lang": "en",
    "location": "virtual",
    "publishDate": ""
  },
  {
    "url": "",
    "title": "Co-x3 Family Council",
    "description": "Where individuals who have reached a high degree of awareness come together to steer the family with empathy and understanding.",
    "author": "Conrad Lin",
    "authorURL": "https://conradl.in",
    "tags": ["decision making", "multiplayer"],
    "programType": "community",
    "frameworkLevel": "LEVEL_9",
    "lang": "en",
    "location": "virtual",
    "publishDate": ""
  }
]
