[
  {
    "url": "https://youtu.be/VubXiNcQs88",
    "title": "This Is What Holds Us Back From Finding Love",
    "description": "In this episode, we breakdown dating and romantic relationships, and how to understand it from different perspectives as described in the Better Life Framework by the Co-x3 Family Foundation. This episode will help anyone struggling with dating in the modern world.",
    "author": "Co-x3 Family Foundation",
    "authorURL": "https://x3.family",
    "tags": ["level up with us", "dating", "love", "relationships"],
    "programType": "knowledge",
    "frameworkLevel": "ALL",
    "lang": "en",
    "location": "all podcast platforms",
    "publishDate": ""
  },
  {
    "url": "https://youtu.be/ndsn8xAOjts",
    "title": "Professional Woman Gains The Confidence To Continue Her Side Business",
    "description": "In this episode, we sit down with Maria, a professional woman in her early 30s, and help her feel less helpless with building own creative business selling mugs - while juggling a full time job, nurturing her relationship with her husband, starting a family, and moving to a new country.",
    "author": "Conrad Lin",
    "authorURL": "https://conradl.in",
    "tags": ["level up with conrad", "business", "professional", "side hustle", "motivation"],
    "programType": "knowledge",
    "frameworkLevel": "LEVEL_5",
    "timeToRead": 61,
    "lang": "en",
    "location": "all podcast platforms",
    "publishDate": ""
  },
  {
    "url": "https://www.youtube.com/watch?v=k6SSav7uSck",
    "title": "How To Be Friends With Your Parents As Adults",
    "description": "In this episode, we breakdown our relationships with our parents as adults, and how to understand them from different perspectives as described in the Better Life Framework by the Co-x3 Family Foundation. This episode will help anyone struggling with managing their relationship with parents and their expectations.",
    "author": "Co-x3 Family Foundation",
    "authorURL": "https://x3.family",
    "tags": ["level up with us", "parents", "adults", "relationships"],
    "programType": "knowledge",
    "frameworkLevel": "ALL",
    "lang": "en",
    "location": "all podcast platforms",
    "publishDate": ""
  },
  {
    "url": "https://youtu.be/zaUwcTU9v18",
    "title": "27 Year Old Woman Working In Big Tech Discovers Her Path To Self-Alignment",
    "description": "In this episode, we sit down with Sarah, a 27 year old woman working in a big tech company and discuss how to live a life that is aligned with her true self. She also explores how to work on her side hustle by time-blocking her calendar to make time, using our Notion templates to keep projects organized, and bringing her finish line closer.",
    "author": "Conrad Lin",
    "authorURL": "https://conradl.in",
    "tags": ["level up with conrad", "self alignment", "purpose"],
    "programType": "knowledge",
    "frameworkLevel": "LEVEL_4",
    "lang": "en",
    "location": "all podcast platforms",
    "publishDate": ""
  },
  {
    "url": "https://youtu.be/r27qXFB29cc",
    "title": "How To Improve Relationships With Your Children",
    "description": "In this episode, we breakdown the relationships we have with our children and how to understand them from different perspectives as described in the Better Life Framework by the Co-x3 Family Foundation. This episode will help anyone struggling with connecting with their children and make them feel valued.",
    "author": "Co-x3 Family Foundation",
    "authorURL": "https://x3.family",
    "tags": ["level up with us", "parenting", "children", "relationships"],
    "programType": "knowledge",
    "frameworkLevel": "ALL",
    "lang": "en",
    "location": "all podcast platforms",
    "publishDate": ""
  },
  {
    "url": "https://youtu.be/5oXR6Mb3-1A",
    "title": "Tech Founder Finds Happiness Beyond The Startup Life",
    "description": "In this episode, we sit down with Stefan, a seasoned entrepreneur in his 40s building a cybersecurity company and discuss what happiness is and how to be our best selves.",
    "author": "Conrad Lin",
    "authorURL": "https://conradl.in",
    "tags": ["level up with conrad", "happiness", "startup", "founder", "self-love"],
    "programType": "knowledge",
    "frameworkLevel": "LEVEL_6",
    "lang": "en",
    "location": "all podcast platforms",
    "publishDate": ""
  },
  {
    "url": "https://youtu.be/jdJRwri3evM",
    "title": "Why You Are Unhappy With Your Life",
    "description": "In this episode, we break down your relationship with your self, and how to understand it from different perspectives as described in the Better Life Framework by the Co-x3 Family Foundation. This episode will help anyone struggling with self-esteem and connecting with yourself.",
    "author": "Co-x3 Family Foundation",
    "authorURL": "https://x3.family",
    "tags": ["level up with us", "self-esteem", "self-love"],
    "programType": "knowledge",
    "frameworkLevel": "ALL",
    "lang": "en",
    "location": "all podcast platforms",
    "publishDate": ""
  },
  {
    "url": "https://youtu.be/2Th4lY7fvIU",
    "title": "CEO Learns How To Choose The Right Opportunities As The Company Grows",
    "description": "In this episode, we sit down with Wei Ting, a founder and CEO in his 30s running an immersive experience company in Singapore, and discuss how to scale now that opportunities are flowing in and we have the freedom of choice.",
    "author": "Conrad Lin",
    "authorURL": "https://conradl.in",
    "tags": ["level up with conrad", "CEO", "founder", "opportunities"],
    "programType": "knowledge",
    "frameworkLevel": "LEVEL_5",
    "lang": "en",
    "location": "all podcast platforms",
    "publishDate": ""
  },
  {
    "url": "https://youtu.be/wfYqf4G_jck",
    "title": "Why We Have Less Friends As We Grow Older",
    "description": "In this episode, we breakdown relationships with our friends, and how to understand from different perspectives as described in the Better Life Framework by the Co-x3 Family Foundation. This episode will help anyone struggling with building and maintaining healthy friendships.",
    "author": "Co-x3 Family Foundation",
    "authorURL": "https://x3.family",
    "tags": ["level up with us", "friends", "relationships"],
    "programType": "knowledge",
    "frameworkLevel": "ALL",
    "lang": "en",
    "location": "all podcast platforms",
    "publishDate": ""
  },
  {
    "url": "https://youtu.be/IYD5J3Xu6Ak",
    "title": "Single Mother Of 5 Learns How To Love Herself",
    "description": "In this episode, we sit down with Stephanie, a single mother of 5 from the Philippines, and discuss how to love herself while being the sole breadwinner for her family.",
    "author": "Conrad Lin",
    "authorURL": "https://conradl.in",
    "tags": ["level up with conrad", "self-love"],
    "programType": "knowledge",
    "frameworkLevel": "LEVEL_6",
    "lang": "en",
    "location": "all podcast platforms",
    "publishDate": ""
  },
  {
    "url": "https://youtu.be/CLBlhfIYwKA",
    "title": "What You Need To Know Before Turning Your Hobby Into A Career",
    "description": "In this episode, we breakdown relationships with our work, and how to understand from different perspectives as described in the Better Life Framework by the Co-x3 Family Foundation. This episode will help anyone struggling with finding the career that they enjoy, and learning how to change when you don't enjoy things as much anymore. ",
    "author": "Co-x3 Family Foundation",
    "authorURL": "https://x3.family",
    "tags": ["level up with us", "work", "career", "passion", "hobby"],
    "programType": "knowledge",
    "frameworkLevel": "LEVEL_4",
    "lang": "en",
    "location": "all podcast platforms",
    "publishDate": ""
  },
  {
    "url": "https://youtu.be/fVcwHY7nbTw",
    "title": "Singaporean Female Entrepreneur Learns How To Live In The Present While Hitting Her KPIs",
    "description": "In this episode, we sit down with SzeYing, a Singaporean female founder in her 30s, and discuss how to tackle letting go while surviving in a capitalistic society.",
    "author": "Conrad Lin",
    "authorURL": "https://conradl.in",
    "tags": ["level up with conrad", "present", "KPIs"],
    "programType": "knowledge",
    "frameworkLevel": "LEVEL_6",
    "lang": "en",
    "location": "all podcast platforms",
    "publishDate": ""
  }
]
